<?xml version="1.0" encoding="UTF-8"?>
<project xmlns="http://maven.apache.org/DECORATION/1.6.0"
    xmlns:xsi="http://www.w3.org/2001/XMLSchema-instance"
    xsi:schemaLocation="http://maven.apache.org/DECORATION/1.6.0 http://maven.apache.org/xsd/decoration-1.6.0.xsd">
  <skin>
    <groupId>org.apache.maven.skins</groupId>
    <artifactId>maven-fluido-skin</artifactId>
    <version>1.11.1</version>
  </skin>
  <body>
    <head>
      <![CDATA[<link rel="shortcut icon" href="images/favicon.ico" />]]>
    </head>
    <menu name="Menu">
      <item name="Download site archive" href="./${project.artifactId}-${project.version}.zip" />
      <item name="Download files" href="./download.html" />
    </menu>
    <menu ref="parent" />
    <menu ref="modules" />
    <menu ref="reports" />
  </body>
</project>
